N,generation
12278,-0.01628929793125916
12278,-0.016207851441602868
12278,-0.01612640495194657
12278,-0.016044958462290274
12278,-0.01596351197263398
12278,-0.015882065482977683
12278,-0.01580061899332139
12278,-0.015719172503665092
12278,-0.015637726014008795
12278,-0.0155562795243525
12278,-0.015474833034696205
12278,-0.01539338654503991
12278,-0.015311940055383612
12278,-0.015230493565727317
12278,-0.015149047076071022
12278,-0.015067600586414726
12278,-0.01498615409675843
12278,-0.014904707607102134
12278,-0.014823261117445839
12278,-0.014741814627789541
12278,-0.014660368138133246
12278,-0.01457892164847695
12278,-0.014497475158820656
12278,-0.014416028669164358
12278,-0.014334582179508063
12278,-0.014253135689851768
12278,-0.01417168920019547
12278,-0.014090242710539175
12278,-0.01400879622088288
12278,-0.013927349731226585
12278,-0.013845903241570288
12278,-0.013764456751913992
12278,-0.013683010262257697
12278,-0.0136015637726014
12278,-0.013520117282945105
12278,-0.01343867079328881
12278,-0.013357224303632514
12278,-0.013275777813976217
12278,-0.013194331324319922
12278,-0.013112884834663626
12278,-0.01303143834500733
12278,-0.012949991855351034
12278,-0.012868545365694739
12278,-0.012787098876038443
12278,-0.012705652386382146
12278,-0.012624205896725851
12278,-0.012542759407069556
12278,-0.012461312917413259
12278,-0.012379866427756963
12278,-0.012298419938100668
12278,-0.012216973448444373
12278,-0.012135526958788076
12278,-0.01205408046913178
12278,-0.011972633979475485
12278,-0.01189118748981919
12278,-0.011809741000162893
12278,-0.011728294510506597
12278,-0.011646848020850302
12278,-0.011565401531194005
12278,-0.01148395504153771
12278,-0.011402508551881414
12278,-0.011321062062225119
12278,-0.011239615572568822
12278,-0.011158169082912527
12278,-0.011076722593256231
12278,-0.010995276103599934
12278,-0.010913829613943639
12278,-0.010832383124287344
12278,-0.010750936634631048
12278,-0.010669490144974751
12278,-0.010588043655318456
12278,-0.01050659716566216
12278,-0.010425150676005863
12278,-0.010343704186349568
12278,-0.010262257696693273
12278,-0.010180811207036978
12278,-0.01009936471738068
12278,-0.010017918227724385
12278,-0.00993647173806809
12278,-0.009855025248411793
12278,-0.009773578758755497
12278,-0.009692132269099202
12278,-0.009610685779442907
12278,-0.00952923928978661
12278,-0.009447792800130314
12278,-0.009366346310474019
12278,-0.009284899820817722
12278,-0.009203453331161427
12278,-0.009122006841505131
12278,-0.009040560351848836
12278,-0.008959113862192539
12278,-0.008877667372536244
12278,-0.008796220882879948
12278,-0.008714774393223651
12278,-0.008633327903567356
12278,-0.00855188141391106
12278,-0.008470434924254765
12278,-0.008388988434598468
12278,-0.008307541944942173
12278,-0.008226095455285878
12278,-0.00814464896562958
12278,-0.008063202475973285
12278,-0.00798175598631699
12278,-0.007900309496660695
12278,-0.007818863007004398
12278,-0.007737416517348102
12278,-0.007655970027691806
12278,-0.007574523538035511
12278,-0.007493077048379215
12278,-0.007411630558722919
12278,-0.007330184069066623
12278,-0.007248737579410328
12278,-0.007167291089754032
12278,-0.007085844600097735
12278,-0.00700439811044144
12278,-0.006922951620785144
12278,-0.0068415051311288486
12278,-0.006760058641472552
12278,-0.006678612151816257
12278,-0.006597165662159961
12278,-0.006515719172503665
12278,-0.006434272682847369
12278,-0.006352826193191073
12278,-0.006271379703534778
12278,-0.006189933213878482
12278,-0.006108486724222186
12278,-0.00602704023456589
12278,-0.005945593744909595
12278,-0.005864147255253299
12278,-0.0057827007655970025
12278,-0.005701254275940707
12278,-0.005619807786284411
12278,-0.005538361296628116
12278,-0.0054569148069718194
12278,-0.005375468317315524
12278,-0.005294021827659228
12278,-0.005212575338002932
12278,-0.005131128848346636
12278,-0.00504968235869034
12278,-0.004968235869034045
12278,-0.004886789379377749
12278,-0.004805342889721453
12278,-0.004723896400065157
12278,-0.004642449910408861
12278,-0.004561003420752566
12278,-0.0044795569310962695
12278,-0.004398110441439974
12278,-0.004316663951783678
12278,-0.004235217462127383
12278,-0.0041537709724710865
12278,-0.00407232448281479
12278,-0.003990877993158495
12278,-0.003909431503502199
12278,-0.003827985013845903
12278,-0.0037465385241896073
12278,-0.0036650920345333115
12278,-0.003583645544877016
12278,-0.00350219905522072
12278,-0.0034207525655644243
12278,-0.0033393060759081285
12278,-0.0032578595862518323
12278,-0.0031764130965955366
12278,-0.003094966606939241
12278,-0.003013520117282945
12278,-0.0029320736276266493
12278,-0.0028506271379703536
12278,-0.002769180648314058
12278,-0.002687734158657762
12278,-0.002606287669001466
12278,-0.00252484117934517
12278,-0.0024433946896888744
12278,-0.0023619482000325786
12278,-0.002280501710376283
12278,-0.002199055220719987
12278,-0.0021176087310636913
12278,-0.002036162241407395
12278,-0.0019547157517510994
12278,-0.0018732692620948036
12278,-0.001791822772438508
12278,-0.0017103762827822121
12278,-0.0016289297931259162
12278,-0.0015474833034696204
12278,-0.0014660368138133247
12278,-0.001384590324157029
12278,-0.001303143834500733
12278,-0.0012216973448444372
12278,-0.0011402508551881414
12278,-0.0010588043655318457
12278,-0.0009773578758755497
12278,-0.000895911386219254
12278,-0.0008144648965629581
12278,-0.0007330184069066623
12278,-0.0006515719172503665
12278,-0.0005701254275940707
12278,-0.0004886789379377749
12278,-0.00040723244828147904
12278,-0.00032578595862518323
12278,-0.0002443394689688874
12278,-0.00016289297931259162
12278,-8.144648965629581e-05
646,0.0
648,8.144648965629581e-05
649,0.00016289297931259162
651,0.0002443394689688874
653,0.00032578595862518323
655,0.00040723244828147904
657,0.0004886789379377749
658,0.0005701254275940707
660,0.0006515719172503665
662,0.0007330184069066623
664,0.0008144648965629581
666,0.000895911386219254
667,0.0009773578758755497
669,0.0010588043655318457
671,0.0011402508551881414
673,0.0012216973448444372
675,0.001303143834500733
677,0.001384590324157029
679,0.0014660368138133247
680,0.0015474833034696204
682,0.0016289297931259162
684,0.0017103762827822121
686,0.001791822772438508
688,0.0018732692620948036
690,0.0019547157517510994
692,0.002036162241407395
694,0.0021176087310636913
695,0.002199055220719987
697,0.002280501710376283
699,0.0023619482000325786
701,0.0024433946896888744
703,0.00252484117934517
705,0.002606287669001466
707,0.002687734158657762
709,0.002769180648314058
711,0.0028506271379703536
713,0.0029320736276266493
715,0.003013520117282945
717,0.003094966606939241
719,0.0031764130965955366
721,0.0032578595862518323
723,0.0033393060759081285
725,0.0034207525655644243
727,0.00350219905522072
729,0.003583645544877016
731,0.0036650920345333115
733,0.0037465385241896073
735,0.003827985013845903
737,0.003909431503502199
739,0.003990877993158495
741,0.00407232448281479
743,0.0041537709724710865
745,0.004235217462127383
747,0.004316663951783678
749,0.004398110441439974
751,0.0044795569310962695
753,0.004561003420752566
755,0.004642449910408861
757,0.004723896400065157
759,0.004805342889721453
761,0.004886789379377749
763,0.004968235869034045
766,0.00504968235869034
768,0.005131128848346636
770,0.005212575338002932
772,0.005294021827659228
774,0.005375468317315524
776,0.0054569148069718194
778,0.005538361296628116
780,0.005619807786284411
783,0.005701254275940707
785,0.0057827007655970025
787,0.005864147255253299
789,0.005945593744909595
791,0.00602704023456589
793,0.006108486724222186
796,0.006189933213878482
798,0.006271379703534778
800,0.006352826193191073
802,0.006434272682847369
804,0.006515719172503665
807,0.006597165662159961
809,0.006678612151816257
811,0.006760058641472552
813,0.0068415051311288486
815,0.006922951620785144
818,0.00700439811044144
820,0.007085844600097735
822,0.007167291089754032
824,0.007248737579410328
827,0.007330184069066623
829,0.007411630558722919
831,0.007493077048379215
834,0.007574523538035511
836,0.007655970027691806
838,0.007737416517348102
840,0.007818863007004398
843,0.007900309496660695
845,0.00798175598631699
847,0.008063202475973285
850,0.00814464896562958
852,0.008226095455285878
854,0.008307541944942173
857,0.008388988434598468
859,0.008470434924254765
861,0.00855188141391106
864,0.008633327903567356
866,0.008714774393223651
869,0.008796220882879948
871,0.008877667372536244
873,0.008959113862192539
876,0.009040560351848836
878,0.009122006841505131
881,0.009203453331161427
883,0.009284899820817722
885,0.009366346310474019
888,0.009447792800130314
890,0.00952923928978661
893,0.009610685779442907
895,0.009692132269099202
898,0.009773578758755497
900,0.009855025248411793
903,0.00993647173806809
905,0.010017918227724385
908,0.01009936471738068
910,0.010180811207036978
913,0.010262257696693273
915,0.010343704186349568
918,0.010425150676005863
920,0.01050659716566216
923,0.010588043655318456
925,0.010669490144974751
928,0.010750936634631048
930,0.010832383124287344
933,0.010913829613943639
935,0.010995276103599934
938,0.011076722593256231
941,0.011158169082912527
943,0.011239615572568822
946,0.011321062062225119
948,0.011402508551881414
951,0.01148395504153771
954,0.011565401531194005
956,0.011646848020850302
959,0.011728294510506597
961,0.011809741000162893
964,0.01189118748981919
967,0.011972633979475485
969,0.01205408046913178
972,0.012135526958788076
975,0.012216973448444373
977,0.012298419938100668
980,0.012379866427756963
983,0.012461312917413259
985,0.012542759407069556
988,0.012624205896725851
991,0.012705652386382146
994,0.012787098876038443
996,0.012868545365694739
999,0.012949991855351034
1002,0.01303143834500733
1005,0.013112884834663626
1007,0.013194331324319922
1010,0.013275777813976217
1013,0.013357224303632514
1016,0.01343867079328881
1018,0.013520117282945105
1021,0.0136015637726014
1024,0.013683010262257697
1027,0.013764456751913992
1030,0.013845903241570288
1032,0.013927349731226585
1035,0.01400879622088288
1038,0.014090242710539175
1041,0.01417168920019547
1044,0.014253135689851768
1047,0.014334582179508063
1050,0.014416028669164358
1052,0.014497475158820656
1055,0.01457892164847695
1058,0.014660368138133246
1061,0.014741814627789541
1064,0.014823261117445839
1067,0.014904707607102134
1070,0.01498615409675843
1073,0.015067600586414726
1076,0.015149047076071022
1079,0.015230493565727317
1082,0.015311940055383612
1085,0.01539338654503991
1088,0.015474833034696205
1091,0.0155562795243525
1094,0.015637726014008795
1097,0.015719172503665092
1100,0.01580061899332139
1103,0.015882065482977683
1106,0.01596351197263398
1109,0.016044958462290274
1112,0.01612640495194657
1115,0.016207851441602868
1118,0.01628929793125916
1121,0.01637074442091546
1124,0.016452190910571755
1127,0.01653363740022805
1130,0.016615083889884346
1133,0.016696530379540643
1137,0.016777976869196937
1140,0.016859423358853234
1143,0.01694086984850953
1146,0.017022316338165824
1149,0.01710376282782212
1152,0.017185209317478415
1155,0.017266655807134712
1159,0.01734810229679101
1162,0.017429548786447303
1165,0.0175109952761036
1168,0.017592441765759897
1171,0.01767388825541619
1175,0.017755334745072487
1178,0.017836781234728784
1181,0.017918227724385078
1184,0.017999674214041375
1188,0.018081120703697672
1191,0.018162567193353966
1194,0.018244013683010263
1197,0.018325460172666556
1201,0.018406906662322853
1204,0.01848835315197915
1207,0.018569799641635444
1211,0.01865124613129174
1214,0.018732692620948038
1217,0.018814139110604332
1221,0.01889558560026063
1224,0.018977032089916926
1227,0.01905847857957322
1231,0.019139925069229517
1234,0.019221371558885814
1237,0.019302818048542107
1241,0.019384264538198404
1244,0.019465711027854698
1248,0.019547157517510995
1251,0.019628604007167292
1255,0.019710050496823586
1258,0.019791496986479883
1261,0.01987294347613618
1265,0.019954389965792473
1268,0.02003583645544877
1272,0.020117282945105067
1275,0.02019872943476136
1279,0.020280175924417658
1282,0.020361622414073955
1286,0.02044306890373025
1289,0.020524515393386546
1293,0.02060596188304284
1297,0.020687408372699136
1300,0.020768854862355433
1304,0.020850301352011727
1307,0.020931747841668024
1311,0.02101319433132432
1314,0.021094640820980615
1318,0.02117608731063691
1322,0.02125753380029321
1325,0.021338980289949502
1329,0.0214204267796058
1333,0.021501873269262096
1336,0.02158331975891839
1340,0.021664766248574687
1344,0.02174621273823098
1347,0.021827659227887278
1351,0.021909105717543575
1355,0.02199055220719987
1358,0.022071998696856165
1362,0.022153445186512463
1366,0.022234891676168756
1370,0.022316338165825053
1373,0.02239778465548135
1377,0.022479231145137644
1381,0.02256067763479394
1385,0.022642124124450238
1389,0.02272357061410653
1392,0.02280501710376283
1396,0.022886463593419122
1400,0.02296791008307542
1404,0.023049356572731716
1408,0.02313080306238801
1412,0.023212249552044307
1416,0.023293696041700604
1419,0.023375142531356898
1423,0.023456589021013195
1427,0.02353803551066949
1431,0.023619482000325785
1435,0.023700928489982082
1439,0.02378237497963838
1443,0.023863821469294673
1447,0.02394526795895097
1451,0.024026714448607264
1455,0.02410816093826356
1459,0.024189607427919858
1463,0.02427105391757615
1467,0.02435250040723245
1471,0.024433946896888745
1475,0.02451539338654504
1479,0.024596839876201336
1483,0.024678286365857633
1487,0.024759732855513927
1491,0.024841179345170224
1495,0.024922625834826517
1499,0.025004072324482814
1504,0.02508551881413911
1508,0.025166965303795405
1512,0.025248411793451702
1516,0.025329858283108
1520,0.025411304772764293
1524,0.02549275126242059
1529,0.025574197752076887
1533,0.02565564424173318
1537,0.025737090731389477
1541,0.025818537221045774
1545,0.025899983710702068
1550,0.025981430200358365
1554,0.02606287669001466
1558,0.026144323179670956
1562,0.026225769669327253
1567,0.026307216158983546
1571,0.026388662648639843
1575,0.02647010913829614
1580,0.026551555627952434
1584,0.02663300211760873
1588,0.026714448607265028
1593,0.026795895096921322
1597,0.02687734158657762
1602,0.026958788076233916
1606,0.02704023456589021
1610,0.027121681055546507
1615,0.0272031275452028
1619,0.027284574034859097
1624,0.027366020524515394
1628,0.027447467014171688
1633,0.027528913503827985
1637,0.027610359993484282
1642,0.027691806483140576
1646,0.027773252972796873
1651,0.02785469946245317
1655,0.027936145952109463
1660,0.02801759244176576
1664,0.028099038931422057
1669,0.02818048542107835
1673,0.028261931910734648
1678,0.02834337840039094
1683,0.02842482489004724
1687,0.028506271379703536
1692,0.02858771786935983
1697,0.028669164359016126
1701,0.028750610848672423
1706,0.028832057338328717
1711,0.028913503827985014
1715,0.02899495031764131
1720,0.029076396807297605
1725,0.0291578432969539
1729,0.0292392897866102
1734,0.029320736276266492
1739,0.02940218276592279
1744,0.029483629255579083
1749,0.02956507574523538
1753,0.029646522234891677
1758,0.02972796872454797
1763,0.029809415214204268
1768,0.029890861703860565
1773,0.02997230819351686
1778,0.030053754683173155
1782,0.030135201172829452
1787,0.030216647662485746
1792,0.030298094152142043
1797,0.03037954064179834
1802,0.030460987131454634
1807,0.03054243362111093
1812,0.030623880110767224
1817,0.03070532660042352
1822,0.03078677309007982
1827,0.030868219579736112
1832,0.03094966606939241
1837,0.031031112559048706
1842,0.031112559048705
1847,0.031194005538361297
1852,0.03127545202801759
1857,0.03135689851767389
1862,0.031438345007330185
1868,0.03151979149698648
1873,0.03160123798664278
1878,0.03168268447629907
1883,0.031764130965955366
1888,0.031845577455611666
1893,0.03192702394526796
1899,0.032008470434924254
1904,0.03208991692458055
1909,0.03217136341423685
1914,0.03225280990389314
1919,0.032334256393549435
1925,0.032415702883205735
1930,0.03249714937286203
1935,0.03257859586251832
1941,0.03266004235217462
1946,0.03274148884183092
1951,0.03282293533148721
1957,0.03290438182114351
1962,0.032985828310799804
1967,0.0330672748004561
1973,0.0331487212901124
1978,0.03323016777976869
1984,0.033311614269424986
1989,0.033393060759081286
1995,0.03347450724873758
2000,0.03355595373839387
2006,0.033637400228050174
2011,0.03371884671770647
2017,0.03380029320736276
2022,0.03388173969701906
2028,0.033963186186675355
2033,0.03404463267633165
2039,0.03412607916598795
2045,0.03420752565564424
2050,0.034288972145300536
2056,0.03437041863495683
2061,0.03445186512461313
2067,0.034533311614269424
2073,0.03461475810392572
2078,0.03469620459358202
2084,0.03477765108323831
2090,0.034859097572894605
2096,0.034940544062550906
2101,0.0350219905522072
2107,0.03510343704186349
2113,0.035184883531519794
2119,0.03526633002117609
2125,0.03534777651083238
2130,0.03542922300048868
2136,0.035510669490144975
2142,0.03559211597980127
2148,0.03567356246945757
2154,0.03575500895911386
2160,0.035836455448770156
2166,0.03591790193842646
2172,0.03599934842808275
2178,0.036080794917739044
2184,0.036162241407395344
2190,0.03624368789705164
2196,0.03632513438670793
2202,0.03640658087636423
2208,0.036488027366020526
2214,0.03656947385567682
2220,0.03665092034533311
2226,0.03673236683498941
2232,0.03681381332464571
2238,0.036895259814302
2244,0.0369767063039583
2251,0.037058152793614595
2257,0.03713959928327089
2263,0.03722104577292719
2269,0.03730249226258348
2275,0.037383938752239776
2282,0.037465385241896076
2288,0.03754683173155237
2294,0.037628278221208664
2301,0.037709724710864964
2307,0.03779117120052126
2313,0.03787261769017755
2320,0.03795406417983385
2326,0.038035510669490145
2332,0.03811695715914644
2339,0.03819840364880274
2345,0.03827985013845903
2352,0.03836129662811533
2358,0.03844274311777163
2365,0.03852418960742792
2371,0.038605636097084214
2378,0.038687082586740515
2384,0.03876852907639681
2391,0.0388499755660531
2397,0.038931422055709396
2404,0.039012868545365696
2410,0.03909431503502199
2417,0.03917576152467828
2424,0.039257208014334584
2430,0.03933865450399088
2437,0.03942010099364717
2444,0.03950154748330347
2450,0.039582993972959765
2457,0.03966444046261606
2464,0.03974588695227236
2471,0.03982733344192865
2477,0.039908779931584946
2484,0.03999022642124125
2491,0.04007167291089754
2498,0.040153119400553834
2505,0.040234565890210135
2512,0.04031601237986643
2519,0.04039745886952272
2525,0.04047890535917902
2532,0.040560351848835316
2539,0.04064179833849161
2546,0.04072324482814791
2553,0.040804691317804204
2560,0.0408861378074605
2567,0.04096758429711679
2574,0.04104903078677309
2582,0.041130477276429385
2589,0.04121192376608568
2596,0.04129337025574198
2603,0.04137481674539827
2610,0.041456263235054566
2617,0.04153770972471087
2624,0.04161915621436716
2632,0.041700602704023454
2639,0.041782049193679754
2646,0.04186349568333605
2653,0.04194494217299234
2661,0.04202638866264864
2668,0.042107835152304936
2675,0.04218928164196123
2683,0.04227072813161753
2690,0.04235217462127382
2697,0.04243362111093012
2705,0.04251506760058642
2712,0.04259651409024271
2720,0.042677960579899005
2727,0.042759407069555305
2735,0.0428408535592116
2742,0.04292230004886789
2750,0.04300374653852419
2757,0.043085193028180487
2765,0.04316663951783678
2772,0.043248086007493074
2780,0.043329532497149374
2788,0.04341097898680567
2795,0.04349242547646196
2803,0.04357387196611826
2811,0.043655318455774555
2818,0.04373676494543085
2826,0.04381821143508715
2834,0.04389965792474344
2842,0.04398110441439974
2850,0.04406255090405604
2857,0.04414399739371233
2865,0.044225443883368624
2873,0.044306890373024925
2881,0.04438833686268122
2889,0.04446978335233751
2897,0.04455122984199381
2905,0.044632676331650106
2913,0.0447141228213064
2921,0.0447955693109627
2929,0.044877015800618994
2937,0.04495846229027529
2945,0.04503990877993159
2953,0.04512135526958788
2961,0.045202801759244175
2969,0.045284248248900476
2977,0.04536569473855677
2986,0.04544714122821306
2994,0.04552858771786936
3002,0.04561003420752566
3010,0.04569148069718195
3019,0.045772927186838244
3027,0.045854373676494545
3035,0.04593582016615084
3044,0.04601726665580713
3052,0.04609871314546343
3060,0.046180159635119726
3069,0.04626160612477602
3077,0.04634305261443232
3086,0.046424499104088614
3094,0.04650594559374491
3103,0.04658739208340121
3111,0.0466688385730575
3120,0.046750285062713795
3128,0.046831731552370096
3137,0.04691317804202639
3145,0.04699462453168268
3154,0.04707607102133898
3163,0.04715751751099528
3171,0.04723896400065157
3180,0.04732041049030787
3189,0.047401856979964165
3198,0.04748330346962046
3206,0.04756474995927676
3215,0.04764619644893305
3224,0.047727642938589346
3233,0.04780908942824564
3242,0.04789053591790194
3251,0.047971982407558234
3260,0.04805342889721453
3269,0.04813487538687083
3278,0.04821632187652712
3287,0.048297768366183415
3296,0.048379214855839715
3305,0.04846066134549601
3314,0.0485421078351523
3323,0.0486235543248086
3332,0.0487050008144649
3341,0.04878644730412119
3350,0.04886789379377749
3359,0.048949340283433784
3369,0.04903078677309008
3378,0.04911223326274638
3387,0.04919367975240267
3397,0.049275126242058966
3406,0.049356572731715266
3415,0.04943801922137156
3425,0.04951946571102785
3434,0.049600912200684154
3443,0.04968235869034045
3453,0.04976380517999674
3462,0.049845251669653035
3472,0.049926698159309335
3481,0.05000814464896563
3491,0.05008959113862192
3501,0.05017103762827822
3510,0.050252484117934516
3520,0.05033393060759081
3530,0.05041537709724711
3539,0.050496823586903404
3549,0.0505782700765597
3559,0.050659716566216
3569,0.05074116305587229
3578,0.050822609545528585
3588,0.050904056035184886
3598,0.05098550252484118
3608,0.05106694901449747
3618,0.051148395504153774
3628,0.05122984199381007
3638,0.05131128848346636
3648,0.05139273497312266
3658,0.051474181462778955
3668,0.05155562795243525
3678,0.05163707444209155
3688,0.05171852093174784
3698,0.051799967421404136
3708,0.05188141391106044
3718,0.05196286040071673
3729,0.052044306890373024
3739,0.05212575338002932
3749,0.05220719986968562
3759,0.05228864635934191
3770,0.052370092848998205
3780,0.052451539338654506
3791,0.0525329858283108
3801,0.05261443231796709
3811,0.05269587880762339
3822,0.05277732529727969
3832,0.05285877178693598
3843,0.05294021827659228
3853,0.053021664766248575
3864,0.05310311125590487
3875,0.05318455774556117
3885,0.05326600423521746
3896,0.053347450724873756
3907,0.053428897214530056
3917,0.05351034370418635
3928,0.053591790193842644
3939,0.053673236683498944
3950,0.05375468317315524
3961,0.05383612966281153
3972,0.05391757615246783
3982,0.053999022642124125
3993,0.05408046913178042
4004,0.05416191562143672
4015,0.05424336211109301
4026,0.05432480860074931
4037,0.0544062550904056
4049,0.0544877015800619
4060,0.054569148069718194
4071,0.05465059455937449
4082,0.05473204104903079
4093,0.05481348753868708
4104,0.054894934028343376
4116,0.054976380517999676
4127,0.05505782700765597
4138,0.05513927349731226
4150,0.055220719986968564
4161,0.05530216647662486
4173,0.05538361296628115
4184,0.05546505945593745
4196,0.055546505945593745
4207,0.05562795243525004
4219,0.05570939892490634
4230,0.05579084541456263
4242,0.055872291904218926
4254,0.05595373839387523
4265,0.05603518488353152
4277,0.056116631373187814
4289,0.056198077862844115
4300,0.05627952435250041
4312,0.0563609708421567
4324,0.056442417331812995
4336,0.056523863821469296
4348,0.05660531031112559
4360,0.05668675680078188
4372,0.056768203290438184
4384,0.05684964978009448
4396,0.05693109626975077
4408,0.05701254275940707
4420,0.057093989249063365
4432,0.05717543573871966
4444,0.05725688222837596
4457,0.05733832871803225
4469,0.057419775207688546
4481,0.05750122169734485
4493,0.05758266818700114
4506,0.057664114676657434
4518,0.057745561166313734
4531,0.05782700765597003
4543,0.05790845414562632
4556,0.05798990063528262
4568,0.058071347124938916
4581,0.05815279361459521
4593,0.05823424010425151
4606,0.0583156865939078
4618,0.0583971330835641
4631,0.0584785795732204
4644,0.05856002606287669
4657,0.058641472552532985
4669,0.05872291904218928
4682,0.05880436553184558
4695,0.05888581202150187
4708,0.058967258511158166
4721,0.059048705000814466
4734,0.05913015149047076
4747,0.059211597980127054
4760,0.059293044469783354
4773,0.05937449095943965
4786,0.05945593744909594
4799,0.05953738393875224
4813,0.059618830428408535
4826,0.05970027691806483
4839,0.05978172340772113
4852,0.05986316989737742
4866,0.05994461638703372
4879,0.06002606287669002
4892,0.06010750936634631
4906,0.060188955856002604
4919,0.060270402345658905
4933,0.0603518488353152
4946,0.06043329532497149
4960,0.06051474181462779
4974,0.060596188304284086
4987,0.06067763479394038
5001,0.06075908128359668
5015,0.060840527773252974
5029,0.06092197426290927
5042,0.06100342075256556
5056,0.06108486724222186
5070,0.061166313731878155
5084,0.06124776022153445
5098,0.06132920671119075
5112,0.06141065320084704
5126,0.061492099690503337
5140,0.06157354618015964
5154,0.06165499266981593
5168,0.061736439159472224
5183,0.061817885649128525
5197,0.06189933213878482
5211,0.06198077862844111
5225,0.06206222511809741
5240,0.062143671607753706
5254,0.06222511809741
5269,0.0623065645870663
5283,0.062388011076722594
5298,0.06246945756637889
5312,0.06255090405603518
5327,0.06263235054569148
5341,0.06271379703534778
5356,0.06279524352500407
5371,0.06287669001466037
5386,0.06295813650431667
5400,0.06303958299397296
5415,0.06312102948362926
5430,0.06320247597328556
5445,0.06328392246294184
5460,0.06336536895259814
5475,0.06344681544225445
5490,0.06352826193191073
5505,0.06360970842156703
5520,0.06369115491122333
5535,0.06377260140087962
5551,0.06385404789053592
5566,0.06393549438019222
5581,0.06401694086984851
5596,0.06409838735950481
5612,0.0641798338491611
5627,0.0642612803388174
5643,0.0643427268284737
5658,0.06442417331812998
5674,0.06450561980778628
5689,0.06458706629744258
5705,0.06466851278709887
5721,0.06474995927675517
5736,0.06483140576641147
5752,0.06491285225606776
5768,0.06499429874572406
5784,0.06507574523538036
5800,0.06515719172503665
5816,0.06523863821469295
5832,0.06532008470434925
5848,0.06540153119400553
5864,0.06548297768366183
5880,0.06556442417331813
5896,0.06564587066297442
5912,0.06572731715263072
5928,0.06580876364228702
5945,0.06589021013194331
5961,0.06597165662159961
5977,0.06605310311125591
5994,0.0661345496009122
6010,0.0662159960905685
6027,0.0662974425802248
6043,0.06637888906988108
6060,0.06646033555953738
6077,0.06654178204919368
6093,0.06662322853884997
6110,0.06670467502850627
6127,0.06678612151816257
6144,0.06686756800781886
6161,0.06694901449747516
6177,0.06703046098713146
6194,0.06711190747678775
6211,0.06719335396644405
6229,0.06727480045610035
6246,0.06735624694575663
6263,0.06743769343541293
6280,0.06751913992506924
6297,0.06760058641472552
6315,0.06768203290438182
6332,0.06776347939403812
6349,0.06784492588369441
6367,0.06792637237335071
6384,0.06800781886300701
6402,0.0680892653526633
6419,0.0681707118423196
6437,0.0682521583319759
6455,0.06833360482163219
6472,0.06841505131128849
6490,0.06849649780094479
6508,0.06857794429060107
6526,0.06865939078025737
6544,0.06874083726991366
6562,0.06882228375956996
6580,0.06890373024922626
6598,0.06898517673888255
6616,0.06906662322853885
6634,0.06914806971819515
6652,0.06922951620785144
6671,0.06931096269750774
6689,0.06939240918716404
6707,0.06947385567682032
6726,0.06955530216647662
6744,0.06963674865613292
6763,0.06971819514578921
6781,0.06979964163544551
6800,0.06988108812510181
6819,0.0699625346147581
6838,0.0700439811044144
6856,0.0701254275940707
6875,0.07020687408372699
6894,0.07028832057338329
6913,0.07036976706303959
6932,0.07045121355269587
6951,0.07053266004235217
6970,0.07061410653200847
6989,0.07069555302166476
7008,0.07077699951132106
7028,0.07085844600097736
7047,0.07093989249063365
7066,0.07102133898028995
7086,0.07110278546994625
7105,0.07118423195960254
7125,0.07126567844925884
7144,0.07134712493891514
7164,0.07142857142857142
7184,0.07151001791822773
7203,0.07159146440788403
7223,0.07167291089754031
7243,0.07175435738719661
7263,0.07183580387685291
7283,0.0719172503665092
7303,0.0719986968561655
7323,0.0720801433458218
7343,0.07216158983547809
7363,0.07224303632513439
7384,0.07232448281479069
7404,0.07240592930444698
7424,0.07248737579410328
7445,0.07256882228375958
7465,0.07265026877341586
7486,0.07273171526307216
7506,0.07281316175272846
7527,0.07289460824238475
7547,0.07297605473204105
7568,0.07305750122169734
7589,0.07313894771135364
7610,0.07322039420100994
7631,0.07330184069066623
7652,0.07338328718032253
7673,0.07346473366997883
7694,0.07354618015963511
7715,0.07362762664929141
7736,0.07370907313894771
7757,0.073790519628604
7779,0.0738719661182603
7800,0.0739534126079166
7821,0.07403485909757289
7843,0.07411630558722919
7865,0.07419775207688549
7886,0.07427919856654178
7908,0.07436064505619808
7930,0.07444209154585438
7951,0.07452353803551066
7973,0.07460498452516696
7995,0.07468643101482327
8017,0.07476787750447955
8039,0.07484932399413585
8061,0.07493077048379215
8083,0.07501221697344844
8105,0.07509366346310474
8128,0.07517510995276104
8150,0.07525655644241733
8172,0.07533800293207363
8195,0.07541944942172993
8217,0.07550089591138621
8240,0.07558234240104252
8263,0.07566378889069882
8285,0.0757452353803551
8308,0.0758266818700114
8331,0.0759081283596677
8354,0.07598957484932399
8377,0.07607102133898029
8400,0.07615246782863659
8423,0.07623391431829288
8446,0.07631536080794918
8469,0.07639680729760548
8493,0.07647825378726177
8516,0.07655970027691807
8539,0.07664114676657437
8563,0.07672259325623065
8586,0.07680403974588695
8610,0.07688548623554325
8633,0.07696693272519954
8657,0.07704837921485584
8681,0.07712982570451214
8705,0.07721127219416843
8729,0.07729271868382473
8753,0.07737416517348103
8777,0.07745561166313732
8801,0.07753705815279362
8825,0.0776185046424499
8849,0.0776999511321062
8874,0.0777813976217625
8898,0.07786284411141879
8922,0.07794429060107509
8947,0.07802573709073139
8972,0.07810718358038768
8996,0.07818863007004398
9021,0.07827007655970028
9046,0.07835152304935657
9071,0.07843296953901287
9096,0.07851441602866917
9121,0.07859586251832545
9146,0.07867730900798175
9171,0.07875875549763806
9196,0.07884020198729434
9221,0.07892164847695064
9246,0.07900309496660694
9272,0.07908454145626323
9297,0.07916598794591953
9323,0.07924743443557583
9349,0.07932888092523212
9374,0.07941032741488842
9400,0.07949177390454472
9426,0.079573220394201
9452,0.0796546668838573
9478,0.0797361133735136
9504,0.07981755986316989
9530,0.0798990063528262
9556,0.0799804528424825
9582,0.08006189933213878
9609,0.08014334582179508
9635,0.08022479231145138
9661,0.08030623880110767
9688,0.08038768529076397
9715,0.08046913178042027
9741,0.08055057827007656
9768,0.08063202475973286
9795,0.08071347124938916
9822,0.08079491773904544
9849,0.08087636422870174
9876,0.08095781071835804
9903,0.08103925720801433
9930,0.08112070369767063
9958,0.08120215018732693
9985,0.08128359667698322
10012,0.08136504316663952
10040,0.08144648965629582
10067,0.0815279361459521
10095,0.08160938263560841
10123,0.08169082912526471
10151,0.081772275614921
10178,0.0818537221045773
10206,0.08193516859423358
10234,0.08201661508388988
10263,0.08209806157354618
10291,0.08217950806320247
10319,0.08226095455285877
10347,0.08234240104251507
10376,0.08242384753217136
10404,0.08250529402182766
10433,0.08258674051148396
10462,0.08266818700114024
10490,0.08274963349079655
10519,0.08283107998045285
10548,0.08291252647010913
10577,0.08299397295976543
10606,0.08307541944942173
10635,0.08315686593907802
10665,0.08323831242873432
10694,0.08331975891839062
10723,0.08340120540804691
10753,0.08348265189770321
10782,0.08356409838735951
10812,0.0836455448770158
10842,0.0837269913666721
10871,0.0838084378563284
10901,0.08388988434598468
10931,0.08397133083564098
10961,0.08405277732529728
10991,0.08413422381495357
11021,0.08421567030460987
11052,0.08429711679426617
11082,0.08437856328392246
11113,0.08446000977357876
11143,0.08454145626323506
11174,0.08462290275289135
11204,0.08470434924254765
11235,0.08478579573220395
11266,0.08486724222186023
11297,0.08494868871151653
11328,0.08503013520117284
11359,0.08511158169082912
11390,0.08519302818048542
11422,0.08527447467014172
11453,0.08535592115979801
11485,0.08543736764945431
11516,0.08551881413911061
11548,0.0856002606287669
11579,0.0856817071184232
11611,0.0857631536080795
11643,0.08584460009773578
11675,0.08592604658739209
11707,0.08600749307704839
11739,0.08608893956670467
11772,0.08617038605636097
11804,0.08625183254601727
11836,0.08633327903567356
11869,0.08641472552532986
11902,0.08649617201498615
11934,0.08657761850464245
11967,0.08665906499429875
12000,0.08674051148395504
12033,0.08682195797361134
12066,0.08690340446326764
12099,0.08698485095292392
12132,0.08706629744258022
12166,0.08714774393223652
12199,0.08722919042189281
12233,0.08731063691154911
12266,0.08739208340120541
12300,0.0874735298908617
12334,0.087554976380518
12368,0.0876364228701743
12402,0.08771786935983059
12436,0.08779931584948689
12470,0.08788076233914319
12504,0.08796220882879947
12539,0.08804365531845577
12573,0.08812510180811207
12608,0.08820654829776836
12642,0.08828799478742466
12677,0.08836944127708096
12712,0.08845088776673725
12747,0.08853233425639355
12782,0.08861378074604985
12817,0.08869522723570614
12852,0.08877667372536244
12887,0.08885812021501874
12923,0.08893956670467502
12958,0.08902101319433132
12994,0.08910245968398763
13030,0.08918390617364391
13065,0.08926535266330021
13101,0.08934679915295651
13137,0.0894282456426128
13173,0.0895096921322691
13210,0.0895911386219254
13246,0.08967258511158169
13282,0.08975403160123799
13319,0.08983547809089429
13355,0.08991692458055058
13392,0.08999837107020688
13429,0.09007981755986318
13466,0.09016126404951946
13503,0.09024271053917576
13540,0.09032415702883206
13577,0.09040560351848835
13614,0.09048705000814465
13652,0.09056849649780095
13689,0.09064994298745724
13727,0.09073138947711354
13765,0.09081283596676983
13802,0.09089428245642613
13840,0.09097572894608243
13878,0.09105717543573871
13916,0.09113862192539501
13955,0.09122006841505131
13993,0.0913015149047076
14031,0.0913829613943639
14070,0.0914644078840202
14109,0.09154585437367649
14147,0.09162730086333279
14186,0.09170874735298909
14225,0.09179019384264538
14264,0.09187164033230168
14304,0.09195308682195798
14343,0.09203453331161426
14382,0.09211597980127056
14422,0.09219742629092686
14461,0.09227887278058315
14501,0.09236031927023945
14541,0.09244176575989575
14581,0.09252321224955204
14621,0.09260465873920834
14661,0.09268610522886464
14701,0.09276755171852093
14742,0.09284899820817723
14782,0.09293044469783353
14823,0.09301189118748981
14864,0.09309333767714612
14905,0.09317478416680242
14945,0.0932562306564587
14987,0.093337677146115
15028,0.0934191236357713
15069,0.09350057012542759
15110,0.09358201661508389
15152,0.09366346310474019
15194,0.09374490959439648
15235,0.09382635608405278
15277,0.09390780257370908
15319,0.09398924906336537
15361,0.09407069555302167
15403,0.09415214204267797
15446,0.09423358853233425
15488,0.09431503502199055
15531,0.09439648151164685
15573,0.09447792800130314
15616,0.09455937449095944
15659,0.09464082098061574
15702,0.09472226747027203
15745,0.09480371395992833
15789,0.09488516044958463
15832,0.09496660693924092
15875,0.09504805342889722
15919,0.09512949991855352
15963,0.0952109464082098
16007,0.0952923928978661
16051,0.09537383938752239
16095,0.09545528587717869
16139,0.09553673236683499
16183,0.09561817885649128
16228,0.09569962534614758
16272,0.09578107183580388
16317,0.09586251832546017
16362,0.09594396481511647
16407,0.09602541130477277
16452,0.09610685779442905
16497,0.09618830428408535
16542,0.09626975077374166
16588,0.09635119726339794
16633,0.09643264375305424
16679,0.09651409024271054
16725,0.09659553673236683
16771,0.09667698322202313
16817,0.09675842971167943
16863,0.09683987620133572
16910,0.09692132269099202
16956,0.09700276918064832
17003,0.0970842156703046
17049,0.0971656621599609
17096,0.0972471086496172
17143,0.09732855513927349
17190,0.0974100016289298
17237,0.0974914481185861
17285,0.09757289460824238
17332,0.09765434109789868
17380,0.09773578758755498
17428,0.09781723407721127
17476,0.09789868056686757
17524,0.09798012705652387
17572,0.09806157354618016
17620,0.09814302003583646
17668,0.09822446652549276
17717,0.09830591301514904
17766,0.09838735950480534
17814,0.09846880599446164
17863,0.09855025248411793
17912,0.09863169897377423
17962,0.09871314546343053
18011,0.09879459195308682
18061,0.09887603844274312
18110,0.09895748493239942
18160,0.0990389314220557
18210,0.09912037791171201
18260,0.09920182440136831
18310,0.0992832708910246
18360,0.0993647173806809
18411,0.0994461638703372
18461,0.09952761035999348
18512,0.09960905684964978
18563,0.09969050333930607
18614,0.09977194982896237
18665,0.09985339631861867
18716,0.09993484280827496
18768,0.10001628929793126
18819,0.10009773578758756
18871,0.10017918227724384
18923,0.10026062876690015
18975,0.10034207525655645
19027,0.10042352174621273
19079,0.10050496823586903
19132,0.10058641472552533
19184,0.10066786121518162
19237,0.10074930770483792
19290,0.10083075419449422
19343,0.10091220068415051
19396,0.10099364717380681
19449,0.10107509366346311
19503,0.1011565401531194
19556,0.1012379866427757
19610,0.101319433132432
19664,0.10140087962208828
19718,0.10148232611174458
19772,0.10156377260140088
19826,0.10164521909105717
19881,0.10172666558071347
19936,0.10180811207036977
19990,0.10188955856002606
20045,0.10197100504968236
20100,0.10205245153933866
20156,0.10213389802899495
20211,0.10221534451865125
20266,0.10229679100830755
20322,0.10237823749796383
20378,0.10245968398762013
20434,0.10254113047727643
20490,0.10262257696693272
20546,0.10270402345658902
20603,0.10278546994624532
20659,0.10286691643590161
20716,0.10294836292555791
20773,0.10302980941521421
20830,0.1031112559048705
20887,0.1031927023945268
20945,0.1032741488841831
21002,0.10335559537383938
21060,0.10343704186349569
21118,0.10351848835315199
21176,0.10359993484280827
21234,0.10368138133246457
21293,0.10376282782212087
21351,0.10384427431177716
21410,0.10392572080143346
21469,0.10400716729108975
21527,0.10408861378074605
21587,0.10417006027040235
21646,0.10425150676005863
21705,0.10433295324971494
21765,0.10441439973937124
21825,0.10449584622902752
21885,0.10457729271868382
21945,0.10465873920834012
22005,0.10474018569799641
22066,0.10482163218765271
22126,0.10490307867730901
22187,0.1049845251669653
22248,0.1050659716566216
22309,0.1051474181462779
22371,0.10522886463593419
22432,0.10531031112559049
22494,0.10539175761524679
22555,0.10547320410490307
22617,0.10555465059455937
22680,0.10563609708421567
22742,0.10571754357387196
22804,0.10579899006352826
22867,0.10588043655318456
22930,0.10596188304284085
22993,0.10604332953249715
23056,0.10612477602215345
23119,0.10620622251180974
23183,0.10628766900146604
23247,0.10636911549112234
23310,0.10645056198077862
23374,0.10653200847043492
23439,0.10661345496009123
23503,0.10669490144974751
23568,0.10677634793940381
23632,0.10685779442906011
23697,0.1069392409187164
23762,0.1070206874083727
23828,0.107102133898029
23893,0.10718358038768529
23959,0.10726502687734159
24025,0.10734647336699789
24091,0.10742791985665417
24157,0.10750936634631048
24223,0.10759081283596678
24290,0.10767225932562306
24357,0.10775370581527936
24423,0.10783515230493566
24491,0.10791659879459195
24558,0.10799804528424825
24625,0.10807949177390455
24693,0.10816093826356084
24761,0.10824238475321714
24829,0.10832383124287344
24897,0.10840527773252973
24966,0.10848672422218603
25034,0.10856817071184231
25103,0.10864961720149861
25172,0.10873106369115491
25241,0.1088125101808112
25310,0.1088939566704675
25380,0.1089754031601238
25450,0.10905684964978009
25520,0.10913829613943639
25590,0.10921974262909269
25660,0.10930118911874898
25730,0.10938263560840528
25801,0.10946408209806158
25872,0.10954552858771786
25943,0.10962697507737416
26014,0.10970842156703046
26086,0.10978986805668675
26158,0.10987131454634305
26229,0.10995276103599935
26302,0.11003420752565564
26374,0.11011565401531194
26446,0.11019710050496824
26519,0.11027854699462453
26592,0.11035999348428083
26665,0.11044143997393713
26738,0.11052288646359341
26812,0.11060433295324971
26885,0.11068577944290602
26959,0.1107672259325623
27033,0.1108486724222186
27107,0.1109301189118749
27182,0.11101156540153119
27257,0.11109301189118749
27332,0.11117445838084379
27407,0.11125590487050008
27482,0.11133735136015638
27557,0.11141879784981268
27633,0.11150024433946897
27709,0.11158169082912527
27785,0.11166313731878157
27862,0.11174458380843785
27938,0.11182603029809415
28015,0.11190747678775045
28092,0.11198892327740674
28169,0.11207036976706304
28246,0.11215181625671934
28324,0.11223326274637563
28402,0.11231470923603193
28480,0.11239615572568823
28558,0.11247760221534452
28637,0.11255904870500082
28715,0.11264049519465712
28794,0.1127219416843134
28873,0.1128033881739697
28953,0.11288483466362599
29032,0.11296628115328229
29112,0.11304772764293859
29192,0.11312917413259488
29272,0.11321062062225118
29353,0.11329206711190748
29433,0.11337351360156377
29514,0.11345496009122007
29595,0.11353640658087637
29676,0.11361785307053265
29758,0.11369929956018895
29840,0.11378074604984525
29922,0.11386219253950154
30004,0.11394363902915784
30086,0.11402508551881414
30169,0.11410653200847043
30252,0.11418797849812673
30335,0.11426942498778303
30418,0.11435087147743932
30502,0.11443231796709562
30586,0.11451376445675192
30670,0.1145952109464082
30754,0.1146766574360645
30839,0.1147581039257208
30923,0.11483955041537709
31008,0.11492099690503339
31093,0.1150024433946897
31179,0.11508388988434598
31265,0.11516533637400228
31350,0.11524678286365858
31437,0.11532822935331487
31523,0.11540967584297117
31610,0.11549112233262747
31696,0.11557256882228376
31784,0.11565401531194006
31871,0.11573546180159636
31958,0.11581690829125264
32046,0.11589835478090894
32134,0.11597980127056524
32223,0.11606124776022153
32311,0.11614269424987783
32400,0.11622414073953413
32489,0.11630558722919042
32578,0.11638703371884672
32668,0.11646848020850302
32757,0.1165499266981593
32847,0.1166313731878156
32938,0.11671281967747191
33028,0.1167942661671282
33119,0.1168757126567845
33210,0.1169571591464408
33301,0.11703860563609708
33393,0.11712005212575338
33484,0.11720149861540968
33576,0.11728294510506597
33669,0.11736439159472227
33761,0.11744583808437856
33854,0.11752728457403486
33947,0.11760873106369116
34040,0.11769017755334744
34134,0.11777162404300374
34228,0.11785307053266005
34322,0.11793451702231633
34416,0.11801596351197263
34510,0.11809741000162893
34605,0.11817885649128522
34700,0.11826030298094152
34796,0.11834174947059782
34891,0.11842319596025411
34987,0.11850464244991041
35083,0.11858608893956671
35180,0.118667535429223
35276,0.1187489819188793
35373,0.1188304284085356
35470,0.11891187489819188
35568,0.11899332138784818
35666,0.11907476787750448
35764,0.11915621436716077
35862,0.11923766085681707
35960,0.11931910734647337
36059,0.11940055383612966
36158,0.11948200032578596
36258,0.11956344681544226
36357,0.11964489330509855
36457,0.11972633979475485
36557,0.11980778628441115
36658,0.11988923277406743
36758,0.11997067926372373
36859,0.12005212575338003
36961,0.12013357224303632
37062,0.12021501873269262
37164,0.12029646522234892
37266,0.12037791171200521
37369,0.12045935820166151
37471,0.12054080469131781
37574,0.1206222511809741
37678,0.1207036976706304
37781,0.1207851441602867
37885,0.12086659064994298
37989,0.12094803713959928
38093,0.12102948362925559
38198,0.12111093011891187
38303,0.12119237660856817
38408,0.12127382309822447
38514,0.12135526958788076
38620,0.12143671607753706
38726,0.12151816256719336
38832,0.12159960905684965
38939,0.12168105554650595
39046,0.12176250203616223
39153,0.12184394852581854
39261,0.12192539501547484
39368,0.12200684150513112
39477,0.12208828799478742
39585,0.12216973448444372
39694,0.12225118097410001
39803,0.12233262746375631
39912,0.12241407395341261
40022,0.1224955204430689
40132,0.1225769669327252
40242,0.1226584134223815
40353,0.12273985991203779
40464,0.12282130640169409
40575,0.12290275289135039
40686,0.12298419938100667
40798,0.12306564587066297
40910,0.12314709236031927
41023,0.12322853884997556
41135,0.12330998533963186
41248,0.12339143182928816
41362,0.12347287831894445
41475,0.12355432480860075
41589,0.12363577129825705
41703,0.12371721778791334
41818,0.12379866427756964
41933,0.12388011076722594
42048,0.12396155725688222
42164,0.12404300374653852
42280,0.12412445023619482
42396,0.12420589672585111
42512,0.12428734321550741
42629,0.12436878970516371
42746,0.12445023619482
42864,0.1245316826844763
42981,0.1246131291741326
43099,0.12469457566378889
43218,0.12477602215344519
43337,0.12485746864310149
43456,0.12493891513275777
43575,0.12502036162241406
43695,0.12510180811207036
43815,0.12518325460172666
43935,0.12526470109138296
44056,0.12534614758103926
44177,0.12542759407069556
44298,0.12550904056035184
44420,0.12559048705000814
44542,0.12567193353966444
44664,0.12575338002932074
44787,0.12583482651897704
44910,0.12591627300863334
45034,0.1259977194982896
45157,0.1260791659879459
45281,0.1261606124776022
45406,0.1262420589672585
45531,0.12632350545691481
45656,0.12640495194657111
45781,0.1264863984362274
45907,0.1265678449258837
46033,0.12664929141554
46160,0.1267307379051963
46286,0.1268121843948526
46414,0.1268936308845089
46541,0.12697507737416516
46669,0.12705652386382146
46797,0.12713797035347776
46926,0.12721941684313406
47055,0.12730086333279036
47184,0.12738230982244667
47314,0.12746375631210294
47444,0.12754520280175924
47574,0.12762664929141554
47705,0.12770809578107184
47836,0.12778954227072814
47967,0.12787098876038444
48099,0.1279524352500407
48231,0.12803388173969701
48364,0.12811532822935331
48497,0.12819677471900962
48630,0.12827822120866592
48763,0.1283596676983222
48897,0.1284411141879785
49032,0.1285225606776348
49166,0.1286040071672911
49302,0.1286854536569474
49437,0.1287669001466037
49573,0.12884834663625996
49709,0.12892979312591626
49846,0.12901123961557256
49983,0.12909268610522887
50120,0.12917413259488517
50258,0.12925557908454147
50396,0.12933702557419774
50534,0.12941847206385404
50673,0.12949991855351034
50812,0.12958136504316664
50952,0.12966281153282294
51092,0.12974425802247924
51232,0.12982570451213551
51373,0.12990715100179182
51514,0.12998859749144812
51656,0.13007004398110442
51798,0.13015149047076072
51940,0.13023293696041702
52083,0.1303143834500733
52226,0.1303958299397296
52369,0.1304772764293859
52513,0.1305587229190422
52657,0.1306401694086985
52802,0.1307216158983548
52947,0.13080306238801107
53093,0.13088450887766737
53238,0.13096595536732367
53385,0.13104740185697997
53531,0.13112884834663627
53678,0.13121029483629257
53826,0.13129174132594884
53974,0.13137318781560514
54122,0.13145463430526144
54271,0.13153608079491774
54420,0.13161752728457404
54569,0.13169897377423034
54719,0.13178042026388662
54870,0.13186186675354292
55021,0.13194331324319922
55172,0.13202475973285552
55323,0.13210620622251182
55475,0.13218765271216812
55628,0.1322690992018244
55781,0.1323505456914807
55934,0.132431992181137
56087,0.1325134386707933
56242,0.1325948851604496
56396,0.1326763316501059
56551,0.13275777813976217
56706,0.13283922462941847
56862,0.13292067111907477
57018,0.13300211760873107
57175,0.13308356409838737
57332,0.13316501058804364
57490,0.13324645707769994
57648,0.13332790356735624
57806,0.13340935005701254
57965,0.13349079654666884
58124,0.13357224303632514
58284,0.13365368952598142
58444,0.13373513601563772
58605,0.13381658250529402
58766,0.13389802899495032
58927,0.13397947548460662
59089,0.13406092197426292
59251,0.1341423684639192
59414,0.1342238149535755
59577,0.1343052614432318
59741,0.1343867079328881
59905,0.1344681544225444
60070,0.1345496009122007
60235,0.13463104740185697
60400,0.13471249389151327
60566,0.13479394038116957
60733,0.13487538687082587
60900,0.13495683336048217
61067,0.13503827985013847
61235,0.13511972633979474
61403,0.13520117282945104
61572,0.13528261931910734
61741,0.13536406580876365
61910,0.13544551229841995
62081,0.13552695878807625
62251,0.13560840527773252
62422,0.13568985176738882
62594,0.13577129825704512
62766,0.13585274474670142
62938,0.13593419123635772
63111,0.13601563772601402
63284,0.1360970842156703
63458,0.1361785307053266
63633,0.1362599771949829
63808,0.1363414236846392
63983,0.1364228701742955
64159,0.1365043166639518
64335,0.13658576315360807
64512,0.13666720964326437
64689,0.13674865613292067
64867,0.13683010262257697
65045,0.13691154911223327
65224,0.13699299560188957
65403,0.13707444209154585
65582,0.13715588858120215
65763,0.13723733507085845
65943,0.13731878156051475
66125,0.13740022805017105
66306,0.13748167453982732
66488,0.13756312102948362
66671,0.13764456751913992
66854,0.13772601400879622
67038,0.13780746049845252
67222,0.13788890698810882
67407,0.1379703534777651
67592,0.1380517999674214
67778,0.1381332464570777
67964,0.138214692946734
68151,0.1382961394363903
68338,0.1383775859260466
68526,0.13845903241570287
68714,0.13854047890535917
68903,0.13862192539501547
69092,0.13870337188467177
69282,0.13878481837432807
69472,0.13886626486398437
69663,0.13894771135364065
69855,0.13902915784329695
70047,0.13911060433295325
70239,0.13919205082260955
70432,0.13927349731226585
70625,0.13935494380192215
70820,0.13943639029157842
71014,0.13951783678123472
71209,0.13959928327089102
71405,0.13968072976054732
71601,0.13976217625020362
71798,0.13984362273985992
71995,0.1399250692295162
72193,0.1400065157191725
72391,0.1400879622088288
72590,0.1401694086984851
72790,0.1402508551881414
72990,0.1403323016777977
73190,0.14041374816745397
73391,0.14049519465711027
73593,0.14057664114676657
73795,0.14065808763642287
73998,0.14073953412607917
74201,0.14082098061573547
74405,0.14090242710539175
74609,0.14098387359504805
74814,0.14106532008470435
75020,0.14114676657436065
75226,0.14122821306401695
75433,0.14130965955367325
75640,0.14139110604332952
75848,0.14147255253298582
76056,0.14155399902264212
76265,0.14163544551229842
76475,0.14171689200195473
76685,0.141798338491611
76896,0.1418797849812673
77107,0.1419612314709236
77319,0.1420426779605799
77531,0.1421241244502362
77744,0.1422055709398925
77958,0.14228701742954877
78172,0.14236846391920507
78387,0.14244991040886137
78602,0.14253135689851767
78818,0.14261280338817398
79035,0.14269424987783028
79252,0.14277569636748655
79470,0.14285714285714285
79688,0.14293858934679915
79907,0.14302003583645545
80126,0.14310148232611175
80347,0.14318292881576805
80567,0.14326437530542432
80789,0.14334582179508062
81011,0.14342726828473693
81233,0.14350871477439323
81456,0.14359016126404953
81680,0.14367160775370583
81905,0.1437530542433621
82130,0.1438345007330184
82355,0.1439159472226747
82582,0.143997393712331
82808,0.1440788402019873
83036,0.1441602866916436
83264,0.14424173318129987
83493,0.14432317967095618
83722,0.14440462616061248
83952,0.14448607265026878
84183,0.14456751913992508
84414,0.14464896562958138
84646,0.14473041211923765
84879,0.14481185860889395
85112,0.14489330509855025
85346,0.14497475158820655
85580,0.14505619807786285
85816,0.14513764456751915
86051,0.14521909105717543
86288,0.14530053754683173
86525,0.14538198403648803
86763,0.14546343052614433
87001,0.14554487701580063
87240,0.14562632350545693
87480,0.1457077699951132
87720,0.1457892164847695
87961,0.1458706629744258
88203,0.1459521094640821
88445,0.1460335559537384
88688,0.14611500244339468
88932,0.14619644893305098
89176,0.14627789542270728
89421,0.14635934191236358
89667,0.14644078840201988
89913,0.14652223489167618
90160,0.14660368138133245
90408,0.14668512787098875
90656,0.14676657436064505
90905,0.14684802085030135
91155,0.14692946733995765
91406,0.14701091382961395
91657,0.14709236031927023
91909,0.14717380680892653
92161,0.14725525329858283
92414,0.14733669978823913
92668,0.14741814627789543
92923,0.14749959276755173
93178,0.147581039257208
93434,0.1476624857468643
93691,0.1477439322365206
93948,0.1478253787261769
94206,0.1479068252158332
94465,0.1479882717054895
94725,0.14806971819514578
94985,0.14815116468480208
95246,0.14823261117445838
95508,0.14831405766411468
95770,0.14839550415377098
96033,0.14847695064342728
96297,0.14855839713308355
96562,0.14863984362273985
96827,0.14872129011239615
97093,0.14880273660205245
97360,0.14888418309170875
97627,0.14896562958136506
97896,0.14904707607102133
98165,0.14912852256067763
98434,0.14920996905033393
98705,0.14929141553999023
98976,0.14937286202964653
99248,0.14945430851930283
99521,0.1495357550089591
99794,0.1496172014986154
100068,0.1496986479882717
100343,0.149780094477928
100619,0.1498615409675843
100895,0.1499429874572406
101173,0.15002443394689688
101450,0.15010588043655318
101729,0.15018732692620948
102009,0.15026877341586578
102289,0.15035021990552208
102570,0.15043166639517838
102852,0.15051311288483465
103134,0.15059455937449095
103418,0.15067600586414726
103702,0.15075745235380356
103987,0.15083889884345986
104273,0.15092034533311613
104559,0.15100179182277243
104846,0.15108323831242873
105134,0.15116468480208503
105423,0.15124613129174133
105713,0.15132757778139763
106003,0.1514090242710539
106295,0.1514904707607102
106587,0.1515719172503665
106880,0.1516533637400228
107173,0.1517348102296791
107468,0.1518162567193354
107763,0.15189770320899168
108059,0.15197914969864798
108356,0.15206059618830428
108654,0.15214204267796058
108952,0.15222348916761688
109252,0.15230493565727318
109552,0.15238638214692946
109853,0.15246782863658576
110155,0.15254927512624206
110457,0.15263072161589836
110761,0.15271216810555466
111065,0.15279361459521096
111370,0.15287506108486723
111676,0.15295650757452353
111983,0.15303795406417983
112291,0.15311940055383613
112599,0.15320084704349243
112909,0.15328229353314873
113219,0.153363740022805
113530,0.1534451865124613
113842,0.1535266330021176
114155,0.1536080794917739
114468,0.1536895259814302
114783,0.1537709724710865
115098,0.15385241896074278
115414,0.15393386545039908
115731,0.15401531194005538
116049,0.15409675842971168
116368,0.15417820491936798
116688,0.15425965140902428
117009,0.15434109789868056
117330,0.15442254438833686
117653,0.15450399087799316
117976,0.15458543736764946
118300,0.15466688385730576
118625,0.15474833034696206
118951,0.15482977683661833
119278,0.15491122332627463
119605,0.15499266981593093
119934,0.15507411630558723
120264,0.15515556279524353
120594,0.1552370092848998
120925,0.1553184557745561
121258,0.1553999022642124
121591,0.1554813487538687
121925,0.155562795243525
122260,0.1556442417331813
122596,0.15572568822283758
122933,0.15580713471249388
123270,0.15588858120215018
123609,0.15597002769180648
123949,0.15605147418146278
124289,0.15613292067111909
124631,0.15621436716077536
124973,0.15629581365043166
125317,0.15637726014008796
125661,0.15645870662974426
126006,0.15654015311940056
126352,0.15662159960905686
126699,0.15670304609871313
127048,0.15678449258836943
127397,0.15686593907802573
127747,0.15694738556768204
128098,0.15702883205733834
128450,0.15711027854699464
128803,0.1571917250366509
129156,0.1572731715263072
129511,0.1573546180159635
129867,0.1574360645056198
130224,0.1575175109952761
130582,0.1575989574849324
130941,0.15768040397458868
131300,0.15776185046424498
131661,0.15784329695390129
132023,0.15792474344355759
132386,0.1580061899332139
132749,0.1580876364228702
133114,0.15816908291252646
133480,0.15825052940218276
133846,0.15833197589183906
134214,0.15841342238149536
134583,0.15849486887115166
134953,0.15857631536080796
135324,0.15865776185046424
135695,0.15873920834012054
136068,0.15882065482977684
136442,0.15890210131943314
136817,0.15898354780908944
137193,0.15906499429874574
137570,0.159146440788402
137948,0.1592278872780583
138327,0.1593093337677146
138707,0.1593907802573709
139088,0.1594722267470272
139470,0.15955367323668349
139853,0.15963511972633979
140238,0.1597165662159961
140623,0.1597980127056524
141009,0.1598794591953087
141397,0.159960905684965
141785,0.16004235217462126
142175,0.16012379866427756
142565,0.16020524515393386
142957,0.16028669164359016
143350,0.16036813813324646
143744,0.16044958462290276
144139,0.16053103111255904
144535,0.16061247760221534
144932,0.16069392409187164
145330,0.16077537058152794
145729,0.16085681707118424
146130,0.16093826356084054
146531,0.1610197100504968
146934,0.1611011565401531
147338,0.1611826030298094
147742,0.1612640495194657
148148,0.161345496009122
148555,0.16142694249877831
148963,0.1615083889884346
149373,0.1615898354780909
149783,0.1616712819677472
150195,0.1617527284574035
150607,0.1618341749470598
151021,0.1619156214367161
151436,0.16199706792637236
151852,0.16207851441602866
152269,0.16215996090568496
152688,0.16224140739534126
153107,0.16232285388499756
153528,0.16240430037465386
153950,0.16248574686431014
154373,0.16256719335396644
154797,0.16264863984362274
155222,0.16273008633327904
155649,0.16281153282293534
156076,0.16289297931259164
156505,0.1629744258022479
156935,0.1630558722919042
157366,0.16313731878156051
157799,0.16321876527121681
158232,0.16330021176087312
158667,0.16338165825052942
159103,0.1634631047401857
159540,0.163544551229842
159979,0.1636259977194983
160418,0.1637074442091546
160859,0.1637888906988109
161301,0.16387033718846716
161744,0.16395178367812346
162188,0.16403323016777976
162634,0.16411467665743606
163081,0.16419612314709237
163529,0.16427756963674867
163978,0.16435901612640494
164429,0.16444046261606124
164881,0.16452190910571754
165334,0.16460335559537384
165788,0.16468480208503014
166243,0.16476624857468644
166700,0.16484769506434271
167158,0.16492914155399901
167617,0.16501058804365532
168078,0.16509203453331162
168540,0.16517348102296792
169003,0.16525492751262422
169467,0.1653363740022805
169933,0.1654178204919368
170400,0.1654992669815931
170868,0.1655807134712494
171337,0.1656621599609057
171808,0.165743606450562
172280,0.16582505294021826
172754,0.16590649942987457
173228,0.16598794591953087
173704,0.16606939240918717
174181,0.16615083889884347
174660,0.16623228538849977
175140,0.16631373187815604
175621,0.16639517836781234
176104,0.16647662485746864
176587,0.16655807134712494
177073,0.16663951783678124
177559,0.16672096432643754
178047,0.16680241081609382
178536,0.16688385730575012
179027,0.16696530379540642
179519,0.16704675028506272
180012,0.16712819677471902
180506,0.16720964326437532
181002,0.1672910897540316
181500,0.1673725362436879
181998,0.1674539827333442
182498,0.1675354292230005
183000,0.1676168757126568
183503,0.1676983222023131
184007,0.16777976869196937
184512,0.16786121518162567
185019,0.16794266167128197
185528,0.16802410816093827
186037,0.16810555465059457
186549,0.16818700114025084
187061,0.16826844762990714
187575,0.16834989411956344
188090,0.16843134060921974
188607,0.16851278709887604
189125,0.16859423358853234
189645,0.16867568007818862
190166,0.16875712656784492
190689,0.16883857305750122
191213,0.16892001954715752
191738,0.16900146603681382
192265,0.16908291252647012
192793,0.1691643590161264
193323,0.1692458055057827
193854,0.169327251995439
194387,0.1694086984850953
194921,0.1694901449747516
195456,0.1695715914644079
195993,0.16965303795406417
196532,0.16973448444372047
197072,0.16981593093337677
197613,0.16989737742303307
198156,0.16997882391268937
198701,0.17006027040234567
199246,0.17014171689200194
199794,0.17022316338165824
200343,0.17030460987131454
200893,0.17038605636097084
201445,0.17046750285062715
201999,0.17054894934028345
202554,0.17063039582993972
203110,0.17071184231959602
203668,0.17079328880925232
204228,0.17087473529890862
204789,0.17095618178856492
205352,0.17103762827822122
205916,0.1711190747678775
206482,0.1712005212575338
207049,0.1712819677471901
207618,0.1713634142368464
208188,0.1714448607265027
208760,0.171526307216159
209334,0.17160775370581527
209909,0.17168920019547157
210486,0.17177064668512787
211064,0.17185209317478417
211644,0.17193353966444047
212226,0.17201498615409677
212809,0.17209643264375304
213393,0.17217787913340935
213980,0.17225932562306565
214568,0.17234077211272195
215157,0.17242221860237825
215748,0.17250366509203455
216341,0.17258511158169082
216936,0.17266655807134712
217532,0.17274800456100342
218129,0.17282945105065972
218729,0.17291089754031602
219330,0.1729923440299723
219932,0.1730737905196286
220536,0.1731552370092849
221142,0.1732366834989412
221750,0.1733181299885975
222359,0.1733995764782538
222970,0.17348102296791007
223583,0.17356246945756637
224197,0.17364391594722267
224813,0.17372536243687897
225431,0.17380680892653527
226050,0.17388825541619157
226671,0.17396970190584785
227294,0.17405114839550415
227919,0.17413259488516045
228545,0.17421404137481675
229173,0.17429548786447305
229802,0.17437693435412935
230434,0.17445838084378562
231067,0.17453982733344192
231702,0.17462127382309822
232338,0.17470272031275452
232977,0.17478416680241082
233617,0.17486561329206712
234259,0.1749470597817234
234902,0.1750285062713797
235548,0.175109952761036
236195,0.1751913992506923
236844,0.1752728457403486
237495,0.1753542922300049
238147,0.17543573871966117
238802,0.17551718520931747
239458,0.17559863169897377
240116,0.17568007818863007
240775,0.17576152467828637
241437,0.17584297116794267
242100,0.17592441765759895
242765,0.17600586414725525
243432,0.17608731063691155
244101,0.17616875712656785
244772,0.17625020361622415
245444,0.17633165010588045
246119,0.17641309659553672
246795,0.17649454308519302
247473,0.17657598957484932
248153,0.17665743606450562
248835,0.17673888255416192
249519,0.17682032904381823
250204,0.1769017755334745
250892,0.1769832220231308
251581,0.1770646685127871
252272,0.1771461150024434
252965,0.1772275614920997
253660,0.17730900798175597
254357,0.17739045447141227
255056,0.17747190096106857
255757,0.17755334745072487
256460,0.17763479394038117
257164,0.17771624043003748
257871,0.17779768691969375
258579,0.17787913340935005
259290,0.17796057989900635
260002,0.17804202638866265
260717,0.17812347287831895
261433,0.17820491936797525
262151,0.17828636585763152
262871,0.17836781234728782
263594,0.17844925883694412
264318,0.17853070532660043
265044,0.17861215181625673
265772,0.17869359830591303
266503,0.1787750447955693
267235,0.1788564912852256
267969,0.1789379377748819
268705,0.1790193842645382
269444,0.1791008307541945
270184,0.1791822772438508
270926,0.17926372373350707
271671,0.17934517022316337
272417,0.17942661671281968
273166,0.17950806320247598
273916,0.17958950969213228
274669,0.17967095618178858
275423,0.17975240267144485
276180,0.17983384916110115
276939,0.17991529565075745
